{
  "snapOnDrag" : true,
  "millVersion" : 1,
  "version" : 4,
  "fixturing" : {
    "spoilboard" : null,
    "bracket" : null
  },
  "plans" : [
    "A565A66B-8339-4010-89F7-19377E01C623",
    "51D89210-6E43-46AA-9E72-0A6F546856B3",
    "03F25D69-E421-48E5-B274-73FF33020316"
  ],
  "stock" : {
    "height" : 101.6,
    "depth" : 1.54,
    "flipped" : false,
    "laminate" : "211D8AAC-F38A-48CA-B692-7004D3222719",
    "offset" : {
      "y" : 6.022,
      "b" : 0,
      "z" : 0,
      "x" : 3.263,
      "a" : 0,
      "c" : 0
    },
    "width" : 127,
    "name" : "(unknown)",
    "zrotation" : 0
  },
  "displayUnits" : "mm",
  "showDimensions" : true,
  "otherplanVersionName" : "release-build",
  "currentJobUUID" : null,
  "tools" : [
    {
      "group" : "Endmill",
      "conductive" : "yes",
      "flutes" : 2,
      "name" : "1\/16in Flat End Mill",
      "profile" : [
        [
          3.175,
          36.5,
          0,
          0
        ],
        [
          3.175,
          9.5,
          0,
          -1
        ],
        [
          1.5875,
          3.175,
          0,
          1
        ],
        [
          1.5875,
          0,
          0,
          1
        ]
      ],
      "uuid" : "3FE64A6F-BFBC-4E48-8D48-9D7195783FDC"
    },
    {
      "group" : "Endmill",
      "conductive" : "yes",
      "flutes" : 2,
      "name" : "1\/32in Flat End Mill",
      "profile" : [
        [
          3.175,
          36.5,
          0,
          0
        ],
        [
          3.175,
          9.5,
          0,
          -1
        ],
        [
          0.79375,
          1.5875,
          0,
          1
        ],
        [
          0.79375,
          0,
          0,
          1
        ]
      ],
      "uuid" : "FFC3953B-A29D-4C22-8263-975B2722ADBC"
    },
    {
      "group" : "Endmill",
      "conductive" : "yes",
      "flutes" : 2,
      "name" : "1\/16in Flat End Mill",
      "profile" : [
        [
          3.175,
          36.5,
          0,
          0
        ],
        [
          3.175,
          9.5,
          0,
          -1
        ],
        [
          1.5875,
          3.175,
          0,
          1
        ],
        [
          1.5875,
          0,
          0,
          1
        ]
      ],
      "uuid" : "3FE64A6F-BFBC-4E48-8D48-9D7195783FDC"
    }
  ],
  "showMotionPlan" : true,
  "otherplanVersion" : "0.14.3",
  "stepSize" : 1,
  "laminates" : [
    {
      "uuid" : "211D8AAC-F38A-48CA-B692-7004D3222719",
      "group" : "Circuit Board",
      "maxDepth" : 1.8,
      "name" : "Single-Sided FR-1 L2",
      "minDepth" : 1,
      "layers" : [
        {
          "fixed" : 0.1,
          "material" : "copper"
        },
        {
          "float" : 1.44,
          "material" : "phenolic"
        }
      ]
    }
  ]
}